Review,Rating
"Great restaurant with a classic Croatian touch. Easy locate this place and ample parking too. Big and spacious restaurant. Good helpful servers. Delicious food. Much come to try it. Iâ€™ll be back
Recommended dishes
Fish Soup",5.0
"Hospitable, welcoming, good food, great value for money, a hidden gem in a corner of the Zagreb business center. The interior reminds of 1980s kitsch chic, but don't be put off by that, just enjoy!",5.0
"Reasonable price.!
Nice ambiance

Ordered Prawns with Rice ğŸš ğŸ˜‹
Not enough if you are hungry..!",5.0
Taste okay. Very clean restaurant,4.0
"It was a perfectly well catered wedding, lots of space on the dance floor, unimposing yet efficient staff, good food",5.0
Moroccan food ğŸ‡²ğŸ‡¦ğŸ‡²ğŸ‡¦ğŸ‡²ğŸ‡¦ğŸ‡²ğŸ‡¦ very tasty,5.0
Very nice menu selection at medium buget price. Soup and nice salad always included. Really fast service without big queues.,4.0
"Such a wonderful place to have a wedding :) We ourselves had ours there in December 2017, it is modern, great staff, a lot of space and really good fresh and self-made food :)",5.0
Great place for lunch in your lunch brake. Good choice of tasty food and pleasant waitresses.,4.0
"Nice place, service and food. Considering dimensions it's good for events.",3.0
"For a working lunch, not bad but not exceptional. Great squids on Fridays.",4.0
Invited towedding there and loved it. Great place and great food and great service.,5.0
"Great food, not so expensive, lots of space",4.0
Selfserving restaurant. Food ok. Proces 35-55 kn.,3.0
"Great atmosphere, good bartenders, nice food.",5.0
"Looking for some great food? Well, thats the wrong place to look for it",3.0
"Nice place for brunch, good food and good prices.",4.0
Martinje 2016. was incredible experience!,5.0
We will always come for free food.,3.0
Great food for a good price.,5.0
"Good service, friendly waiter.",4.0
Perfect service....perfect food ğŸ‘Œ,5.0
Solid place for quick lunch,4.0
"Dakle docek Nove godine nikad gori! Muzika grupa Krik katastrofa. Osim Å¡to je repertoar nepovezan solisti pjevaju fals 5 min do ponoÄ‡i nakon pauze od 30 min pjesma sa kojom ulazimo u Novu godinu je od H.BesliÄ‡a Taman je, zatim se prekida pjesma i odbrojava se bez glazbe i bez Å¡ampanjca. Nakon 10 min u Novoj ponovno se prekida glazba te nas se upuÄ‡uje da krenemo za stol kako bi pojeli glavno jelo koja se zove sporo peÄena teletina. Ima joÅ¡ toga ali ipak je Nova godina. Bili smo ovdje i proÅ¡le godine ne samo da smo fulali restoran nego i planetu. Slika govori sve. Plesni podij u 1 h iza ponoÄ‡i.",1.0
"Nakon ugodnog doÄeka proÅ¡le godine htjeli smo ponoviti doÅ¾ivljaj. Ne da smo ponoviti isto veÄ‡ smo fulali ne grad veÄ‡ planetu. Prvo predjelo dolazi u pola 10, muzika poÄela tek neÅ¡to prije. O kvaliteti muzike i repertoaru bolje niÅ¡ta ne reÄ‡i jer moÅ¾da se i ne razumijem najbolje. Moj dojam je da su setovi toliko ispremijeÅ¡ani da nema Å¡anse da ostanu u istom ritmu. 7 minuta do ponoÄ‡i plesni podij kao na slici. Katastrofalna. Svirka za ponoÄ‡ traje od 4 do ponoÄ‡i pa do ponoÄ‡ i 10 min. Nikad doÅ¾ivio Äak i u duplo jeftinijim restoranima.",2.0
"Kvaliteta hrane je srednja Å¾alost, cijene visoke a porcije ultra male. NaruÄila lazanje , dobila jedan kvadrat lazanja Å¡to nije porcija ni za malo dijete , a cijena 7â‚¬.",1.0
"Svaka preporuka za bilo koji oblik proslave. Mi smo imali proslavu povodom vjenÄanja i stvarno je sve bilo na vrhunskoj razini, od hrane, usluge i ugoÄ‘aja. Osim usluge u restoranu, uzeli smo i njihovu uslugu cateringa za okupljanje gostiju prije vjenÄanja. Sve pohvale i zahvale, voditelju restorana, gospodinu Zoranu i kompletnom osoblju, posebice Marijanu i Mateju. Izrazito susretljivi i pristupaÄni za sve dogovore. Cijena usluge viÅ¡e nego korektna za kompletnu uslugu. Mi smo bili jako zadovoljni i vjerujem da Ä‡emo suraÄ‘ivati s njima i u nekim drugim prilikama.",5.0
"Bili smo na domjenku. OdliÄna hrana i usluga.
Po mom miÅ¡ljenju je nedostatak prebuÄna Å¾iva glazba.
Mislim da su bukom pokuÅ¡ali pokriti loÅ¡u kvalitetu izvedbe",5.0
"Kupili smo posebnu ponudu preko ponude dana i bilo smo jako zadovoljni. Ponudu smo iskoristili u ponedjeljak popodne, u restoranu nije bilo nikoga (oko restorana su uredi pa je radni dan popodne ful lagan). Konobarica je bila jako draga, hrana jako dobra. Pogotovo salata, jako svjeÅ¾a. PreporuÄam za date night :)",5.0
"Imali smo izvanredno iskustvo na vjenÄanju u ovom predivnom restoranu. Sve je bilo izuzetno pozitivno, poÄevÅ¡i od iznimne usluge koju smo primili. Osoblje je bilo izuzetno ljubazno, susretljivo i uvijek spremno pomoÄ‡i.

Hrana je bila apsolutno ukusna i raznolika. Svaki zalogaj je bio prava poslastica, a raznolikost jela nas je stvarno oduÅ¡evila. Bilo je oÄigledno da se paÅ¾ljivo biraju sastojci i da se svakom jelu posveÄ‡uje posebna paÅ¾nja.

Ambijent sale za vjenÄanje bio je zaista impresivan. Dekoracije su bile prekrasne i stvarno su doprinijele posebnoj atmosferi vjenÄanja. Prostor je bio dovoljno prostran za sve goste, a opet je zadrÅ¾ao intimnu atmosferu koja je bila savrÅ¡ena za ovu prigodu.

Ne mogu dovoljno istaknuti koliko smo bili zadovoljni cjelokupnim iskustvom. Restoran je definitivno premaÅ¡io naÅ¡a oÄekivanja i doprinio je stvaranju nezaboravnog trenutka za mladence i sve prisutne goste. Toplo preporuÄujem ovaj restoran svima koji traÅ¾e savrÅ¡eno mjesto za vjenÄanje ili bilo koju drugu posebnu prigodu.",5.0
"Iskreno sam zadovoljna sto sam proslavu mog roÄ‘endana odabrala upravo u restoranu Casablanca. Ukusna vecera, ugodna atmosfera, ljubaznost i usluznost osoblja za svaku su pohvalu. Dobrodoslicu gospodina Zorana u lijepo dekoriranom prostoru i prekrasnim iznenaÄ‘enjem zeljela bih ponovno dozivjeti. Prostrani plesni podij uz prigusenu rasvjetu dali su dojam i svecane i intimne atmosfere. A pored toga, za sve goste osiguran je parking. Osjetite ovaj dozivljaj!",5.0
"U mom sluÄaju rezervirate stol za 12 osoba u 14.28 za navecer 20.30 h javi se vlasnik kaÅ¾e nema problema. Nakon 2 sata ga pokusamo dobiti na telefon da pitamo da li ima parking za goste, mobitel
Izbacuje jer oÄito vlasnik spava. Dodjemo u dogovorenom terminu Vlasnica se javlja na ulazu mi smo puni od 19 sati nemate Vi rezervaciju. Potom me dobije Vlasnik na mobitel na putu prema drugom restoranu sa pricom da je on mene zvao . Jedna velika prevara i laÅ¾. Protivnik sam pisanja recenzija ali molim sve one koje budu Äitali moju recenziju da izbjegavaju ovar restoran jer Vlasnici su neozbiljni. PoÅ¡to mi je ovo prva recenzija joÅ¡ jednom veliko hvala Vlasniku na rezervaciji i nadam se da ce u buduce biti aÅ¾uran.",1.0
"Restoran zanimljivog imena koji se ispraksirao u posebnoj ponudi, u koji sam pomalo zalutao. Dobio poklon bon od kolega sa posla, izvrsna riblja plata, ljubazno osoblje.",5.0
"Sve pohvale za catering! Hrana i usluga su nadmaÅ¡ila sva naÅ¡a oÄekivanja.
Voditelj Zoran i osoblje su udovoljili svim naÅ¡im zahtjevima! Definitivno se vraÄ‡amo opet! Ovo je jedan od boljih restorana u Zagrebu, preporuka za sve!",5.0
"Prije dva tjedna bili smo na svadbi. Hrana prosjeÄna, salata topla...
NajveÄ‡a zamjerka Å¡to nam nisu htjeli donijeti obiÄnu flaÅ¡iranu vodu. Konobar je rekao da nema, ali smo vidjeli u friÅ¾ideru u prostoriji uz dvoranu. ViÅ¡e puta smo traÅ¾ili, da bi nam na kraju u flaÅ¡u od Jane natoÄio vodu iz pipe.
PrestraÅ¡no, ispod svakog nivoa.",2.0
"OdliÄna usluga, ljubazno osoblje. Ambijen je stvoren za svadbene sveÄanosti, krÅ¡tenja i proslave.",5.0
"Gospodin Zoran i svo osoblje Casablance svojim profesionalnim, paÅ¾ljivim i briÅ¾nim postupcima pobrinuli su se da mom suprugu, meni i cijeli svatovima svadba bude divna. Hrana je bila jako ukusna, plate bogate, a piÄ‡a raznolika i taman rashlaÄ‘ena. Velika im hvala!
Topla preporuka svima koji namjeravaju organizirati bilo kakvu feÅ¡tu.",5.0
"Iznimno ljubazno osoblje, posebno voditelj. Hrana odliÄna. Dovoljno parkirnih prostora. OdliÄna lokacija, blizina tramvaja, autobusa, auto-ceste. Fleksibilan prostor koji je lako moguÄ‡e prerasporediti i prilagoditi broju uzvanika. Za svaku pohvalu i preporuku za dobru zabavu!",5.0
"Ambijent je prekrasan , muzika malo prebrzo svira sve pjesme , a hrane je bilo koliÄinski premalo .",3.0
"Å½elite li za sebe i svoju bolju polovicu organizirati slavlje povodom vjenÄanja ili krstitki ili domjenaka onda je Casablanca mjesto za Vas. Prije svega voditelj restorana GOSPODIN ZORAN( velikim slovima jer je to LJUDINA ) kakav pristup,kakav odnos prema klijentu a da ne priÄam kako smo u par koraka sve dogovorili vezano za naÅ¡ najsretniji dan koji Ä‡e biti 19.8. Preporuka od srca za ekipu Casablance i voditelja GOSPODINA ZORANA",5.0
Sve pet za ovaj restoran. Jako usluÅ¾no i ljubazno osoblje.,5.0
"Dajem 5/5 zbog toga Å¡to bi preporuÄio svima da odu tamo, puno parkinga, 2 sata besplatnog parkinga, fre wifi, najbolja riba koju Ä‡ete pojesti, skampi za umrijeti koliko su dobri, velike porcije, porcija za dvoje je kao porcije za troje, ureÄ‘eno tako kao da je svaki dan vjenÄanje, veliki toalet, jakoooo brzo posluÄ‘ivanje i da joÅ¡ neodugovlaÄim....",5.0
"Prekrasno mjesto za vjenÄanje, odliÄna hrana i zabavna usluga koja se Äak i rasplesala sa svima nama. :D",5.0
Najbolje mjesto u Zagrebu za dobru klopu i ugoÄ‘aj.,5.0
"Hrana je super, konobar isto tako, a cijene su skroz pristupaÄne",5.0
"Nekad su bili super, ali zadnja dva puta uzas. Imali smo proljev nakon tune koju smo jeli. I jos je konobarica bila bezobrazna kad smo joj drugi put to rekli. Imam osjecaj da staru hranu nude gostima. Vise necu tamo dolaziti.",3.0
"Povodom nastupa u emisiji Dobro jutro Hrvatska ,MuÅ¡ka pjevaÄka skupina VukÅ¡iÄ‡ki beÄ‡ari iz mjesta VukÅ¡iÄ‡ kod Benkovca 17.studenog, otiÅ¡li smo na ruÄak u restoran Casablanca u Zagrebu.Moram s ponosom kazati i istaknuti da smo oduÅ¡evljeni vrhunskom raznovrsnom hranom ,specijalitetima i vinima koje nam je ponudilo ljubazno osoblje restorana Casablanca .Takavu srdaÄnu dobrodoÅ¡licu, uslugu i gostoljubljivost nismo joÅ¡ nigdje na ovakav naÄin doÅ¾ivjeli .
Sve Äestitke od srca kompletnom osoblju restorana.Uvijek Ä‡emo dolaziti kod vas kada god budemo dolazili u Zagreb .Koristimo priliku da vam Äestitamo Äestit i blagoslovljen BoÅ¾iÄ‡ ,te sretnu ,uspjeÅ¡nu Novu 2023 Godinu s puno zdravlja i sreÄ‡e .
Ljudi sve vam cvitalo i Bog vas blagoslovio.
VaÅ¡i VukÅ¡iÄ‡ki beÄ‡ari ğŸ¥‚ğŸ»",5.0
"Hrana je vrhunska, osoblje nasmijano, veselo i usluÅ¾no, ambijent divno ureÄ‘en, bend odliÄan. Ekipa koja zna svoj posao! ğŸ˜‰

Posebna pohvala za Mariju, najsimpatiÄniju Å¡eficu restorana i Zorana, voditelja restorana, koji baÅ¡ nijedan detalj ne prepuÅ¡ta sluÄaju!

VaÅ¾na stavka je i osiguran parking.

Velika preporuka za bilo koju vrstu eventa, dobit Ä‡ete all in one ğŸ‘Œ",5.0
"Restoran za provesti ugodne trenutke...bogat odabir hrane, osoblje za svaku pohvalu - nenametljivo, struÄno i profesionalno! Hrana odliÄno pripremljena, bogat izbor piÄ‡a... Sve navedeno obilato zaÄinjeno odliÄnom glazbom koja stvara prekrasno ozraÄje. Uz izvrsnu svirku, ispunjavaju i vaÅ¡e Å¾elje. Stvorili su atmosferu da imate osjeÄ‡aj doma i da sviraju samo vama.
Mi se vraÄ‡amo, doÄ‘ite i vi!
(svakako pitajte svira li Dambo band)",5.0
"DoÄek Nove godine odliÄna organizacija , bend ok porcije obimne i ukusne sve za 5",4.0
"Klopa super, osoblje simpaticno, ambijent predivan!ğŸ˜",5.0
"Bili na ruÄku s kumovima, lokal je u Å¡irem centru i parkirno mjesto smo naÅ¡li za 5 minuta. Hrana odliÄna, ukusna, osoblje je bilo vrlo ljubazno, posebno gospodin Zoran (vrlo profesionalan i susretljiv), tako da sve u svemu, za relativno malo novca se moÅ¾e vrlo ozbiljno objedovati u lijepom ambijentu. DoÄ‡i Ä‡emo ponovo. Ja osobno preporuÄam!",5.0
"Hrana oke. UreÄ‘enje prosjeÄno. Organiziranost loÅ¡a, osoblja pre malo.
Mislim da se neÄ‡emo vraÄ‡ati.",3.0
"Ambijent super
Hrana preukusna
Osoblje na nivou",5.0
OdliÄno mjesto za odliÄne feÅ¡te!,5.0
"Susretljivo, pristupaÄno i profesionalno osoblje,
lijep ambijent- izuzetno uredan, ukusna i kvalitetna hrana, jeli smo BBQ rebarca za koja definitivno mogu reÄ‡i da su najbolja u gradu!
Cijene su zbilja pristupaÄne, a porcije vrlo obilne! :)",5.0
"Imali smo svadbu 5.11.2022. Imamo samo rijeÄi hvale i sve pohvale za cijelo osoblje , organizaciju , hranu i sve ukupno cijeli restoran Casablanca. Svi gosti su nam oduÅ¡evljeni uslugom restorana kroz cijelu noÄ‡. Uz profesionalnost cijelo vrijeme su bili nasmijani i vrlo susretljivi.
PreporuÄujemo svima Restoran Casablanca za sve proslave. ğŸ¥³â¤ï¸",5.0
"Za svaku preporuku, ljubazno i usluÅ¾no osoblje, organizirano, odliÄan ugoÄ‘aj, ukusna hrana !",5.0
"Moja ocjena za veÄeru u restoranu je 0/10. Od neukusne hrane,do neljubaznog osoblja, pokraj kritiÄno loÅ¡e glazbe sa sintisajzera.
Da mogu, dao ni minus ocjenu.",1.0
"Mid class restoran s couverom,dosta finom hranom i pristupaÄnim cijenama.
Ambijent je ugodan,konobari profesionalni i sve u svemu sam vrlo zadovoljan, a iÅ¡ao sam bez preporuke tako Å¡to sam sam izabrao na google maps restoran.
Najbolji tuna steak koji sam jeo do sad.",5.0
Ajmeeeee nigdje i nikad bolje,5.0
"Jako loÅ¡e i vrlo negativno iskustvo sa njima. Svadba ubrzana , praktiÄki prije potjerani jer je svadba bila mala. Konobare smo morali loviti doslovno. Jela hladna stizala na stolove. Preplatili smo kompletnu uslugu, platili i viÅ¡e nego je trebalo za ljude koji nisu ni bili nazoÄni, plus platili za djecu od 0-3 godine Å¡to je trebalo biti besplatno. PoÄetni dogovor i dogovor na piru su bile dvije razliÄite stvari. Jako jako pokvareno. OsjeÄ‡amo se prevareni ! U svakom sluÄaju tuÅ¾ba, i zaobilazak u Å¡irokom luku !!!! ğŸ˜¤ğŸ˜¤ğŸ˜¤ğŸ˜¤",1.0
"Izrazito ukusna hrana, prekrasan ambijent i odlican bend ispunili su sva ocekivanja naseg tima na domjenku.
Osoblje restorana za svaku pohvalu.Vrlo profesionalni i uvijek nasmijani.
Posebna pohvala za voditelja restorana gospodina Zorana i hvala od srca. â¤",5.0
"Svaka pohvala voditelju i osoblju, predivan ugoÄ‘aj !!!",5.0
"Hrana odliÄna, osoblje ljubazno,cijene korektne",5.0
"Bila sa suprugom na veÄeri. Osoblje vrlo uljudno, a hrana vrhunska. Obilne porcije i ukusno po pristupaÄnim cijenama. Restoran za svaku pohvalu. Vratit Ä‡emo se opet.",5.0
"NaruÄili smo jednu piletinu na Å¾aru i pomfri i jednu piletinu sa Å¾ara i krokete. Piletina je gumena, Å¾ilava, nije dobro ispeÄena te ima odvratan aftertaste. pomfri je ok. DoÅ¡lo je 10kroketa Å¡to mislim da je mala porcija, ali bar su jestivi za razliku od mesa.",1.0
"Vrhunska usluga, fina i ukusna hrana, top ambijent, sve pohvale za ovaj restoran, svaka Äast ekipa i samo nastavite ovako",5.0
Preko ponude dana sam kupio hobotnicu ispod peke po iznimno povoljnoj cijeni. Hrana ukusna i obilna. Usluga fantastiÄna. Cijene piÄ‡a korektne. Parking se da naÄ‡i uz malo strpljenja.,5.0
"Izvrsna hrana, ponuda naa razini, ugodno i profesionalno osoblje. Svaka Äast",5.0
"Veliki parking ispred restorana Prostor velik, topao i ugodan. Atmosfera odliÄna za veÄ‡e i manje proslave koje uveseljava Bend Dambo koji nas je zabavljao fenomenalno. Za svaku pohvalu.",5.0
"Da mogu dala bi minus ocjenu. Katastrofa od; hrane i do njenih porcija (za 300 kn) , do vina, do benda i do osoblja.",1.0
"Savrsen docek nove godine , iznimno ljubazno i profesionalno osoblje a narucito vlasnik. Sve pohvale i preporukeğŸ˜",5.0
"Neprofesionalan, nekorektan i bezobrazan odnos onih koji vode restoran.
U srijedu (11.09.2019.) sam rezervirao termin, mjesto i vrijeme za veÄeru, za petak (13.09.2019. u 19 sati) i kada smo doÅ¡li pred restoran sva vrata su zakljuÄana i unutraÅ¡njost je u mraku, neugoda, ljutnja!
Restoran ne radi. Bez poruke, poziva ili isprike za otkazivanje rezervacije.
Postupak odgovornih zorno prikazuje odnos prema gostu.
Moje iskustvo i preporuka: izbjegavajte ovo mjesto!",1.0
"Hrana jako ukusna, porcije velike roÅ¾ata odliÄna, konobarica ljubazna, prostor ugodan, Äist! Za svaku pohvalu i preporuku!ğŸ‘ŒğŸ‘",5.0
"SinoÄ‡ smo suprug i ja bili na veÄeri i naruÄili smo riblju platu koja je bila fenomenalna, jako fino, jako lijep ambijent, konobar prijatekjski nastrojen, cijelo vrijeme na raspolaganju mi smo prezadovoljni i sigurno Ä‡e mo se opet vratiti. Sve pohvale i konobaru i kuharima i vlasniku restorana. ğŸ˜Š",5.0
"Lijepo ureÄ‘eno. Super organizacija doÄeka nove godine. Klopa i piÄ‡e ukljuÄeno u doÄek, bend super zabavio do jutra. Osoblje izvrsno organizirano. Za svaku pohvalu. PreporuÄam. ğŸ˜”ğŸ˜",5.0
"Super restoran sa pravim delicijama, a pogotovo delicije od boÅ¡karina. Kuharica Gordana jedna od boljih u Zagrebu jer osim spravljanja jela radi specijalne torte za svaku preporuku.",5.0
"OdliÄan restoran!
Ljubazno i usluÅ¾no osoblje, ugodan i Äist ambijent, cijene prihvatljive... imala sam priliku biti tamo na poslovnom domjenku, vjenÄanju, karminama i ""obiÄnim"" veÄerama i hrana je svaki puta bila odliÄna, a i porcije su taman.
Za svaku preporuku!",5.0
"Bilo je preko dobro.


Recommended dishes
Ä†evapi Sa Pomfritom

Parking space
Plenty of parking

Parking options
Free parking lot",4.0
"Mateus ima godinama odliÄnu suradnju s Casablancom. Svaki poslovni domjenak, proslave, imamo samo za njih rijeÄi hvale. I viÅ¡e nego korektni, hrana odliÄna, kao i ambijent.",5.0
"Sve lijepo i uredno Äisto.
Osoblje ljubazno neprimjetno a opet odmah tu ako neÅ¡to trebate. Sve pohvale i voditelju Å½eljku koji je najbolji primjer kulturnog voÄ‘enja restorana i izlaska u susret gostima.",5.0
"Hrana komadic po osobi, salata trula, konobar dode do stola svaka 2 sata i ne donosi piÄ‡e, sjedis zedan.....uzas od restorana, bar je svadba bila dobra",1.0
"Odrzali smo svadbu za cca 110 ljudi u restoranu Casablanca. Od ambijenta, atmosfere, cvjetne dekoracije, hrane do osoblja i usluge, sve je bilo najbolje odradjeno. Cjenovno su vise nego povoljni. Restoran ima i bend kuce koji dolazi s popustom, a naprave vrhunsku atmosferu i sviraju odlicno. Za svaku preporuku!",5.0
"Restoran je vrhunski; klopa odliÄna; cijena realna; osoblje pristupaÄno i vedro. ÄŒESTITAM. Samo naprijed.
Alen",5.0
"Svaki put jako sam zadovoljna provodom na mjestu koje je vrlo ugodno i Äisto, sa prijaznom poslugom i odliÄnom hranom.Plesni podij dovoljno velik da se ugodno pleÅ¡e.Hrana je izvrsna.",5.0
"Sve u savrÅ¡enom redu, od profesionalnog osoblja, cistog objekta, svjeÅ¾e serviranog jela.. PreporuÄujem",5.0
"OdliÄan odliÄan
Hrana za poÅ¾elit,
Za svadbe i domjenke idealno..â¤ï¸ğŸ‘‹",5.0
"NaruÄili smo riblju juhu, hobotnicu ispod peke i Äokoladni mousse.. Juha je bila s riÅ¾om, hobotnica dobra, ali krumpiri sirovi, salata prejako zaÄinjena, kiselo toliko da je bilo nejestivo, a mousse je ledov, nisu ga ni odledili, bio je smrznut",1.0
"Imali smo krÅ¡tenje proÅ¡li tjedan, sve je bilo super! Ambijent, osoblje, hrana, sve na nivou! Svaka Äast!",5.0
"Osobe koje vole domaÄ‡u prehranu Ä‡e ovdje uÅ¾ivati, odliÄne cijene za poslovne ruÄkove i veÄere. Osoblje je prijateljsko za svaku pohvalu.",5.0
"Lose vino, losa hrana(vegetarijanski meni je bio hrpa paprika sa zara na tanjuru) i los bend.",1.0
"Doista lijep restoran,hrana ha sve u svemu nemogu rec da nisam bio nezadovoljan,dapace neka klopica je bila fina.. No,Subotom i Nedeljom za veceru bi preporucio drugi restoran jel tamo se tim danima odrzavaju Vjencanja,pa je malo strka,ali moramo i mi njih svatit,ali i oni moraju nas shvatit da i mi zelimo dobit u normalno vrijeme i kvalitetno.. Ocjena ha:3+,-4.",4.0
"Predivan restoran, vrlo usluÅ¾no osoblje, raznovrsna ponuda jela.
Na mirnom mjestu, a tako blizu centru grada. Za svaku preporuku od moje malenkosti.",5.0
"Nemam nekakvih sjeÄ‡anja tako da me se nije dojmilo ni pozitivno ni negativno, zato 4 zvijezde, vjerojatno uglavnom pozitivno iznad ZG prosjeka",4.0
"Restoran, ponuda ok, ambijent nista posebno. Konobari ljubazni i usluÅ¾ni.",4.0
OdliÄan restoran i usluga.. lijepo sreÄ‘en prostor.. za sve genetacije kutakğŸ˜,5.0
Sve je bilo uredu zaista od hrane do ugoÄ‘aja.,5.0
"UsluÅ¾ni djelatnici i voditelj, ukusna hrana i ugodan ambijent.",5.0
"DoÄek 2019 - promaÅ¡aj Å¡to se tiÄ‡e muzike i hrane, no hvala Bogu na ne zahtjevnim gostima.",3.0
OdliÄni gableci po normalnoj cijeni. Osoblje za 10!,5.0
"Nemam prigovora. Ambijent je super. Ljubazno osoblje. Tu se moÅ¾e iznajmiti za svadbu, roÄ‘endane, krstitke, za domjenke ma super.",5.0
"Izvrstan restoran, ugodan prostor, ukusna hrana, ljubazno i usluÅ¾no osoblje",5.0
"Hrana tak-tak. I na organiziranoj zabavi za dan Å¾ena moram platiti kavu wtf?!?! A uzeli 350 kn za mene i suprugu. Tak da ono , moglo bi i bolje",3.0
Ugodno iznenaÄ‘ena sa dnevnim menijem i cijenom. Dobar i kvalitetan rucak za vrlo pristupacnu cijenu.,5.0
"Ugodna atmosfera,usluga odliÄna ,ugoÄ‘aj super.",5.0
"Hobotnica ispod peke sa krumpirom, za prste polizati! Ambijent prekrasan, osoblje simpatiÄno i ljubazno. :)",5.0
VeÄ‡ par godina svakodnevno ruÄam ovdje. Dovoljno za preporuku.,5.0
Ugodno mjesto za odrÅ¾avanje svadbenih sveÄanosti i domjenaka uz raznovrstan izbor hrane i piÄ‡a,5.0
Najbolji voditelj restorana u Hrvata Zoran Mackic ğŸ¾â˜•ï¸ğŸ¥‚,5.0
Ovo je odliÄan restoran. Osoblje usluge cijena.,5.0
"Prekrasno osoblje ....sve pohvale, vraÄ‡amo se opet",5.0
"Svaka Äast, od osoblja, ambijenta i svega tijetko baÅ¡ odliÄno....",5.0
"Mladi konobari su dobri, a stariji su nezainteresirani. Hrana niÅ¡ta posebno, osim sarme, koja je odliÄna. Male porcije.",4.0
"Prekrasno....hrana, prostor, vrlo ljubazno osoblje",5.0
"Ugodan ambijent, ljubazno osoblje i ukusna hrana",5.0
"Bila sam samo na svadbi pa je tesko ocijeniti kako je inace, ali na svadbi je bio ok ambijent kao i hrana/pice",4.0
"PreporuÄam, ukusna jela i ljubazno bolje osoblje",5.0
"Izvrstan restoran, predivan ambijent, cisto.. iznimno ljubazno osoblje, jako fina hrana, izbor i kvaliteta.. Kako kazu A++++",5.0
"Svaka pohvala konobarima na usluzi,sve je bilo odliÄno!!:)",5.0
"Sve preporuke, odlican docek Nove godine.


Recommended dishes
Hladno Predjelo

Parking space
Plenty of parking",5.0
"Sve super klopa osoblje,preporuÄam cijene prihvatljive,ugodna atmosfera",5.0
Vrlo ugodan i lijep restoran odliÄna hrana osoblje jako ljubazno .,5.0
Dobar restoran na odliÄnoj poziciji ali ima joÅ¡ prostora za bolju ponudu.....,3.0
U ovoj Casablanci vrijeme je stalo i to davnih dana.,3.0
"Ambjent prekrasan, velik , stane do 300 gostiju.Hrana dobra (roÅ¡tilj), konobari ljubazni.",5.0
Vrlo ugodna atmosfera i odliÄna kuhinja. Za preporuku.,5.0
"Ugodan ambijent, ljubazno i usluÅ¾no osoblje, dobra hrana",5.0
DoÄek vrhunski hrana +10 usluga vrhunska samo naprid,5.0
"Korektno mjesto za svadbene svecanosti, proslave, druzenja. Veliki i siguran parking.",4.0
"Ljubazno i profesionalno osoblje, ukusna hrana, kvalitetne namirnice",5.0
"prelijepo ureÄ‘en interijer, usluga kvalitetna, sveukupni dojam vrlo pozitivan.",5.0
"Prostor je u redu,no hrana razoÄarenje.",2.0
"Vrhunski restoran ugodnog ambijenta i kvalitetne ponude. Osoblje na nivou zadatka... Posebno Ljubo, legenda restorana!!",5.0
"Profesionalno osoblje , odliÄna hrana , ugodan ambijent",5.0
Grei restaurant som ble benyttet for privat event.,3.0
Dobra hrana i dobar izbor hrane. Cijena korektna.,5.0
Fino mirno mjesto s dobrim ribljim menijem..preporuka,5.0
Vrhunska hrana. PreporuÄam juhu od tartufa u kruhu.,5.0
Odlican prozracan prostor. Super muzika i klopa. Jako elegantni konobari i ljubazni.,5.0
DoÄ‘i i ne zaboravi Casablanku,5.0
"OdliÄna usluga,, dragi konobari i super hrana.",5.0
Sve pohvale za uslugu i osobljeğŸ¥³,5.0
Vrhunska usluga prekrasan ambijen cista 10-ka,5.0
"Ugodna atmosfera,super hrana,izvrsno osoblje. Za svaku pohvalu",5.0
"Vrhunska usluga,kvalitetna jela i ugodan ambijent.",5.0
"Ugodna atmosfera, dobro jelo, uljudno osoblje.",4.0
"Lijep restoran, osoblje ljubazno, hrana jako fina i obilna!",5.0
Uz drage osobe predivno mjesto..,5.0
"Lijep prostor, dobra u ukusna hrana po pristupaÄ‡nim cijenama",5.0
Lijepo sto su objavili da nema prodaje.,3.0
Lijepo mjesto i ljubazno osoblje,5.0
"prosjecno fina hrana, ljubazni konobari svi osim jednog",3.0
"Muzika vrlo dobra, hrana ukusna sve super.",5.0
"Ugodan ambijent, ukusna hrana, vrlo ljubazno osoblje.",5.0
"Odlicna hrana, susretljiv gazda i strucno osoblje",5.0
SavrÅ¡ena klopa...odliÄno osoblje...,5.0
Usluge i cijene u redu. LoÅ¡a lokacija.,3.0
Jako fina hrana po povoljnim cijenama.,5.0
"Vrlo ljubazni i profesionalni konobari, osrednja hrana, lijep ambijent",4.0
Super mjesto za organizaciju vjenÄanja !,5.0
Kratko i jasno superrrrr...,5.0
Za 35 kuna se dobro najedeÅ¡ i to je to,3.0
Prostrani restoran sa 2sata besplatnog parkinga kod Cromosovog tornja,4.0
Riblja plata odliÄno zaÄinjena!,5.0
Odlicno mjesto za svadbene proslave. Malo je premoderno.,4.0
"super za svadbe, visoka razina posluÅ¾ivanja",5.0
Hrana odliÄna i ambijent prekrasan,5.0
Najbolji doÄek nove godine!,5.0
"Ljubazno osoblje, hrana savrÅ¡ena",5.0
Ti treba zatvorit 3 konobara a 200 ljudi ceka,1.0
"Atmosfera ugodna, usluÅ¾no i profesionalno osoblje",4.0
"Cisto,ugodno,dobra hrana ima i bolje ...",4.0
Nije lose dobra klopa preporucujem,5.0
"Hrana vrhunska, usluga besprijekorna. Vratiti se, naravno.",5.0
Super mjesto za sveÄanosti i domjenke,5.0
Es war wirklich sehr schÃ¶n. Alles war sehr Exzelent ich wÃ¼rde jeden tag hier her kommen,5.0
Fin ..uredan i jako lijepo ureÄ‘en restoran ...jako dobra hrana ....sve 5,5.0
"Ugodno,lijepo ,sa dobrim osobljem.",5.0
Ugodan ambijent dobra posluga i ukusna hrana....,5.0
solidno mjesto za dnevni gablec ili neke proslave,3.0
"Uredno,osoblje brzo i sve ostalo u redu",4.0
"Izuzetno nepristojno, neprofesionalno i nekompetentno vodstvo restorana.",1.0
Jako dobra hrana i uljudno osoblje.,5.0
"izuzetno ukusna hrana, svjeze salate!",5.0
"Lijepi prostor
Dobro prostrano
Ima parking",4.0
Uvijek ljubazno osoblje i fina klopa,5.0
Organizacija je jako loÅ¡a..,2.0
"Predivan ambijent ,ugodna atmosfera fina hrana .",4.0
Osoblje bi pot hitno trebalo pomladiti,2.0
Solidna i jeftina kuhinja. Free wi fi,3.0
Dobra hrana za prihvatljivu cijenu,4.0
Top... Super odraÄ‘en pir... Pohvale,5.0
à¸£à¹‰à¸²à¸™à¹ƒà¸«à¸à¹ˆà¹à¸•à¹ˆà¹€à¸ªà¸£à¸´à¸Ÿà¸­à¸²à¸«à¸²à¸£à¸—à¸±à¸§à¸£à¹Œà¸„à¸£à¸±à¸š,4.0
Odlican ambijent i susretljivost osoblja,5.0
OdliÄan ambijent i usluga,5.0
Odlicna kuhinja iugodan ambijent.,5.0
Ugodan prostor i fina papica,5.0
Ugodan ambijent. Dobra glazba.,5.0
J3dna od boljih sala.za vjencanja,5.0
Ugodan restoran sa ukusnom hranom.,4.0
"Lijepo ureÄ‘emo, dobra hrana",4.0
NAJBOLJI RESTORAN U ZAGREBU,5.0
Preporuka za otiÄ‡i na gablec,5.0
Gutes Restaurant zu vernÃ¼nftigen Preisen.,4.0
"Parking space
Plenty of parking

Parking options
Free parking lot",5.0
"Parking: Veliko parkiraliÅ¡te u krugu restorana, prvih 2 sata besplatno a nakon isteka od 2 sata ide 10 kuna po satu.",5.0
